,dU11,dU12,dU21,dU22
0,-0.5,0.0,0.0,-0.5
1,0.25,0.0,0.0,0.25
2,0.5152,0.2652,0.2652,-0.0152
3,0.5152,-0.2652,-0.2652,-0.0152
4,0.0625,-0.0,0.0,0.0625
5,0.8125,-0.0,0.0,0.8125
6,-0.284,0.1435,0.1435,0.409
7,-0.081,-0.3465,-0.3465,0.206
8,-0.0331,-0.0183,-0.0183,-0.2169
9,0.6067,-0.0919,-0.0919,0.6433
10,-0.1146,0.5457,0.5457,0.6146
11,0.172,-0.0521,-0.0521,0.328
12,-0.0729,0.078,0.078,-0.1771
13,0.547,0.0521,0.0521,0.703
14,0.3419,0.0183,0.0183,0.1581
15,0.378,-0.6436,-0.6436,0.122
16,-0.1057,-0.2799,-0.2799,-0.0506
17,0.9518,-0.0276,-0.0276,0.392
18,0.6592,0.2974,0.2974,-0.0655
19,0.4753,-0.2174,-0.2174,0.1185
20,-0.3262,0.1326,0.1326,0.1699
21,0.8045,0.248,0.248,0.5393
22,0.2152,0.2691,0.2691,0.3785
23,-0.1517,-0.1361,-0.1361,0.7454
24,-0.2656,0.0,-0.0,-0.2656
25,0.4844,-0.0,0.0,0.4844
26,0.1945,0.2379,0.2379,0.7743
27,0.2465,-0.2899,-0.2899,0.7223
28,-0.0781,0.0,0.0,-0.0781
29,0.6719,0.0,-0.0,0.6719
30,0.0307,0.3589,0.3589,-0.187
31,0.2807,-0.1089,-0.1089,-0.437
32,-0.1679,-0.1318,-0.1318,-0.3634
33,0.3526,-0.0977,-0.0977,0.6162
34,-0.4702,0.086,0.086,0.689
35,0.0853,-0.1623,-0.1623,0.1334
36,0.1265,0.0513,0.0513,-0.2827
37,0.6206,0.2046,0.2046,0.7231
38,0.4053,0.1809,0.1809,0.1884
39,0.7592,-0.2771,-0.2771,-0.1655
40,-0.1869,0.0868,0.0868,-0.3443
41,0.3975,0.0787,0.0787,0.5712
42,0.976,0.0242,0.0242,-0.0072
43,0.497,-0.2575,-0.2575,0.4717
44,0.1756,-0.0237,-0.0237,0.0432
45,0.8357,-0.0662,-0.0662,0.8831
46,-0.0209,0.2754,0.2754,0.2396
47,-0.2932,-0.1904,-0.1904,0.5119
48,-0.1715,-0.0698,-0.0698,-0.3598
49,0.4146,-0.0941,-0.0941,0.5542
50,0.4465,0.255,0.255,0.5222
51,-0.0025,-0.0722,-0.0722,0.9712
52,0.1265,0.0682,0.0682,0.0923
53,0.7912,0.0171,0.0171,0.9276
54,0.4913,0.2289,0.2289,-0.2726
55,0.266,-0.2613,-0.2613,-0.0473
56,-0.2344,-0.1417,-0.1417,0.0782
57,0.8135,-0.1563,-0.1563,0.5302
58,0.3233,0.5384,0.5384,0.2704
59,0.5076,-0.0104,-0.0104,0.0862
60,-0.3209,0.1545,0.1545,-0.2104
61,0.6388,0.0553,0.0553,0.3299
62,-0.0389,0.0701,0.0701,0.2577
63,-0.1411,-0.5297,-0.5297,0.3599
64,0.054,-0.1505,-0.1505,-0.4212
65,0.4159,-0.2376,-0.2376,0.7169
66,0.0887,0.4574,0.4574,0.2941
67,-0.083,-0.0616,-0.0616,0.4658
68,-0.1355,0.2771,0.2771,-0.2317
69,0.2893,0.0481,0.0481,0.8435
70,0.4214,0.1619,0.1619,-0.0385
71,0.4613,-0.3832,-0.3832,-0.0785
72,-0.1836,-0.0,-0.0,-0.1836
73,0.5664,0.0,-0.0,0.5664
74,0.7014,0.3499,0.3499,0.4314
75,0.9163,-0.135,-0.135,0.2165
76,0.0039,0.0,-0.0,0.0039
77,0.7539,0.0,0.0,0.7539
78,-0.2677,0.2586,0.2586,0.2755
79,-0.2547,-0.2716,-0.2716,0.2625
80,-0.3242,0.0,-0.0,-0.3242
81,0.4258,-0.0,0.0,0.4258
82,0.0644,0.1,0.1,0.7872
83,0.3258,-0.3614,-0.3614,0.5258
84,0.2383,-0.0,0.0,0.2383
85,0.9883,-0.0,0.0,0.9883
86,0.469,0.2956,0.2956,0.0076
87,0.5339,-0.2307,-0.2307,-0.0573
88,-0.1789,-0.0837,-0.0837,-0.0946
89,0.697,-0.0422,-0.0422,0.5295
90,0.8614,0.2059,0.2059,-0.3848
91,0.2677,-0.089,-0.089,0.2089
92,-0.2302,0.0069,0.0069,-0.0432
93,0.6202,0.0935,0.0935,0.6064
94,0.177,0.071,0.071,0.2995
95,-0.2586,-0.4286,-0.4286,0.7352
96,-0.3931,-0.0668,-0.0668,-0.349
97,0.4457,-0.0221,-0.0221,0.3121
98,0.6511,0.137,0.137,0.1068
99,0.5791,-0.3978,-0.3978,0.1787
100,-0.0848,0.0765,0.0765,0.0926
101,0.8304,0.0887,0.0887,0.6774
102,-0.0323,0.4909,0.4909,0.0401
103,-0.2532,-0.019,-0.019,0.261
104,0.0477,-0.1581,-0.1581,-0.0399
105,0.5958,-0.0438,-0.0438,0.912
106,-0.1309,0.2888,0.2888,0.8887
107,0.298,-0.1427,-0.1427,0.4598
108,-0.0173,0.1298,0.1298,-0.3499
109,0.4366,0.1663,0.1663,0.6962
110,0.2172,0.2094,0.2094,0.1656
111,0.7264,-0.066,-0.066,-0.3436
112,-0.3804,-0.0759,-0.0759,0.0132
113,0.6423,-0.1968,-0.1968,0.4905
114,0.4099,0.4928,0.4928,-0.027
115,0.3842,-0.0855,-0.0855,-0.0014
116,-0.1092,0.1188,0.1188,0.117
117,0.8727,0.1131,0.1131,0.6351
118,0.2149,0.004,0.004,0.5429
119,0.3645,-0.5858,-0.5858,0.3933
120,-0.4397,0.0154,0.0154,-0.3025
121,0.3943,0.0686,0.0686,0.3635
122,0.1407,0.3762,0.3762,0.6171
123,0.1215,-0.163,-0.163,0.6363
124,-0.0636,-0.0958,-0.0958,0.0714
125,0.8497,-0.0675,-0.0675,0.6581
126,0.2579,0.0441,0.0441,-0.2501
127,0.0881,-0.4849,-0.4849,-0.0802
128,-0.3877,-0.1912,-0.1912,-0.0967
129,0.699,-0.1455,-0.1455,0.3166
130,0.6379,0.0686,0.0686,-0.3723
131,0.1651,-0.238,-0.238,0.1005
132,-0.185,0.0343,0.0343,0.0756
133,0.7297,0.1303,0.1303,0.661
134,0.2525,0.1164,0.1164,0.3882
135,-0.2112,-0.3098,-0.3098,0.8519
136,-0.4252,0.101,0.101,-0.2467
137,0.515,0.0893,0.0893,0.3131
138,-0.0947,0.0313,0.0313,0.9229
139,0.3993,-0.2398,-0.2398,0.4288
140,-0.0108,-0.0172,-0.0172,0.0889
141,0.8062,-0.0499,-0.0499,0.7719
142,0.1804,0.2896,0.2896,-0.1023
143,0.4235,-0.1876,-0.1876,-0.3453
144,-0.3318,-0.0309,-0.0309,-0.2463
145,0.4918,-0.0427,-0.0427,0.43
146,0.5121,0.3182,0.3182,0.4097
147,0.8832,-0.0679,-0.0679,0.0386
148,0.0548,0.1311,0.1311,0.1171
149,0.9671,0.0311,0.0311,0.7048
150,-0.3481,0.2674,0.2674,0.5199
151,-0.0401,-0.2045,-0.2045,0.212
152,0.1682,-0.1635,-0.1635,-0.1838
153,0.5787,-0.176,-0.176,0.9057
154,0.3484,0.5094,0.5094,0.386
155,0.1271,-0.0088,-0.0088,0.6073
156,-0.1484,0.1263,0.1263,-0.2423
157,0.4284,0.047,0.047,0.681
158,0.3022,0.0561,0.0561,0.0572
159,0.4359,-0.5594,-0.5594,-0.0765
160,-0.4004,-0.0001,-0.0001,-0.4121
161,0.3437,-0.0059,-0.0059,0.3438
162,0.086,0.2642,0.2642,0.6015
163,0.0712,-0.266,-0.266,0.6163
164,0.1539,-0.0054,-0.0054,0.1586
165,0.9116,-0.0023,-0.0023,0.9009
166,0.499,0.1371,0.1371,-0.1865
167,0.2977,-0.3536,-0.3536,0.0148
168,-0.1308,-0.0011,-0.0011,-0.1192
169,0.6261,-0.0058,-0.0058,0.6239
170,0.671,0.6136,0.6136,-0.171
171,0.2548,-0.0033,-0.0033,0.2452
172,-0.2241,0.1523,0.1523,-0.0259
173,0.7773,0.0991,0.0991,0.4727
174,0.0723,0.0376,0.0376,0.4277
175,0.1323,-0.556,-0.556,0.3677
176,-0.1044,-0.2393,-0.2393,-0.1456
177,0.3857,-0.0206,-0.0206,0.8643
178,-0.1401,0.3282,0.3282,0.6401
179,0.0953,-0.1838,-0.1838,0.4047
180,0.1611,0.1484,0.1484,-0.4111
181,0.4766,0.2861,0.2861,0.7734
182,0.3473,0.3072,0.3072,0.1527
183,0.6578,-0.1292,-0.1292,-0.1578
184,-0.2246,-0.0524,-0.0524,-0.2129
185,0.5837,-0.0058,-0.0058,0.4788
186,0.7829,0.2014,0.2014,0.2796
187,0.7985,-0.3339,-0.3339,0.264
188,0.0149,-0.0254,-0.0254,-0.0774
189,0.6933,-0.0462,-0.0462,0.7442
190,-0.121,0.3095,0.3095,0.0585
191,-0.4421,-0.1191,-0.1191,0.3796
192,-0.2952,-0.1285,-0.1285,-0.3766
193,0.2856,-0.0407,-0.0407,0.5425
194,0.2008,0.1106,0.1106,0.6273
195,0.1793,-0.4525,-0.4525,0.6488
196,0.0794,0.034,0.034,-0.0013
197,0.7551,0.0404,0.0404,0.823
198,0.0758,0.4262,0.4262,0.0024
199,0.3601,-0.0276,-0.0276,-0.282
200,-0.0922,-0.1294,-0.1294,-0.0172
201,0.8247,-0.0375,-0.0375,0.5659
202,0.8593,0.2967,0.2967,-0.2187
203,0.3853,-0.1181,-0.1181,0.2553
204,-0.4297,0.1501,0.1501,-0.0546
205,0.6579,0.1876,0.1876,0.3577
206,0.1063,0.2388,0.2388,0.1593
207,-0.3738,-0.0562,-0.0562,0.6395
208,-0.0702,-0.05,-0.05,-0.3204
209,0.5046,-0.1251,-0.1251,0.6047
210,-0.0627,0.5655,0.5655,0.4221
211,0.0558,-0.0531,-0.0531,0.3036
212,0.16,0.1719,0.1719,-0.1756
213,0.5702,0.1678,0.1678,0.9141
214,0.6074,0.0029,0.0029,0.127
215,0.3734,-0.5097,-0.5097,0.3609
216,-0.2375,0.0109,0.0109,-0.3407
217,0.45,0.0516,0.0516,0.4719
218,0.6942,0.3585,0.3585,0.2277
219,0.7311,-0.1757,-0.1757,0.1908
220,0.1622,-0.1111,-0.1111,0.0097
221,0.7248,-0.0762,-0.0762,0.9471
222,-0.1502,0.044,0.044,0.3221
223,-0.0074,-0.5012,-0.5012,0.1792
224,-0.3994,-0.1691,-0.1691,0.1494
225,0.7941,-0.2744,-0.2744,0.4559
226,0.3488,0.4162,0.4162,0.1512
227,0.5635,-0.0745,-0.0745,-0.0635
228,-0.1632,0.2372,0.2372,-0.0868
229,0.8622,0.0382,0.0382,0.3878
230,0.0553,0.1407,0.1407,0.4447
231,-0.0486,-0.4131,-0.4131,0.5486
232,-0.2667,0.022,0.022,-0.1708
233,0.5532,0.0479,0.0479,0.5093
234,0.3822,0.4009,0.4009,0.6803
235,0.2292,-0.1123,-0.1123,0.8333
236,-0.0293,0.0527,0.0527,-0.0332
237,0.6661,0.0019,0.0019,0.7714
238,0.2821,0.2911,0.2911,-0.3446
239,0.1881,-0.2361,-0.2361,-0.2506
240,-0.4033,0.0051,0.0051,-0.4092
241,0.3387,0.003,0.003,0.3488
242,0.712,0.0971,0.0971,-0.0245
243,0.4378,-0.357,-0.357,0.2497
244,0.1504,0.0008,0.0008,0.1621
245,0.907,0.0058,0.0058,0.9055
246,-0.0744,0.3031,0.3031,0.3869
247,-0.1375,-0.2235,-0.2235,0.45
248,-0.0453,-0.1632,-0.1632,-0.2047
249,0.4618,-0.0797,-0.0797,0.7882
250,-0.2874,0.1849,0.1849,0.7874
251,0.1909,-0.1718,-0.1718,0.3091
252,-0.1192,0.0004,0.0004,-0.1308
253,0.6246,0.0058,0.0058,0.6254
254,0.2539,0.0044,0.0044,0.2461
255,0.8075,-0.4929,-0.4929,-0.3075
256,0.0735,-0.3131,-0.3131,-0.3176
257,0.3149,-0.1956,-0.1956,0.941
258,-0.1182,0.0857,0.0857,0.624
259,0.1698,-0.3597,-0.3597,0.336
260,0.0686,0.0319,0.0319,-0.3128
261,0.596,0.1907,0.1907,0.6598
262,0.3652,0.1574,0.1574,0.1406
263,0.7061,-0.3233,-0.3233,-0.2002
264,-0.2134,0.0053,0.0053,-0.2182
265,0.5288,0.0024,0.0024,0.5395
266,0.8904,0.1349,0.1349,0.178
267,0.6649,-0.3452,-0.3452,0.4034
268,-0.0342,0.0002,0.0002,-0.0225
269,0.7219,0.0059,0.0059,0.7215
270,-0.2892,0.2774,0.2774,0.2326
271,-0.2972,-0.2529,-0.2529,0.2406
272,-0.449,0.0263,0.0263,-0.3576
273,0.373,0.0457,0.0457,0.3204
274,0.2351,0.4129,0.4129,0.4582
275,0.0356,-0.084,-0.084,0.6578
276,0.166,0.0523,0.0523,0.1524
277,0.8569,0.0068,0.0068,0.9615
278,0.498,0.2611,0.2611,-0.1796
279,0.3559,-0.2553,-0.2553,-0.0375
280,-0.2428,-0.0599,-0.0599,-0.0013
281,0.6878,-0.1207,-0.1207,0.5681
282,0.4495,0.583,0.583,0.0564
283,0.3806,-0.0431,-0.0431,0.1252
284,-0.1256,0.0526,0.0526,-0.1185
285,0.6805,0.0036,0.0036,0.5753
286,0.2132,0.0347,0.0347,0.2926
287,-0.2057,-0.5252,-0.5252,0.7116
288,-0.4144,-0.0415,-0.0415,-0.1579
289,0.5054,-0.1282,-0.1282,0.4224
290,0.5732,0.2139,0.2139,0.3545
291,0.9178,-0.232,-0.232,0.0099
292,0.0547,0.0401,0.0401,0.1231
293,0.879,0.0342,0.0342,0.7987
294,-0.3375,0.0341,0.0341,0.5152
295,0.0632,-0.3212,-0.3212,0.1145
296,0.1248,-0.0367,-0.0367,-0.1345
297,0.7084,-0.1297,-0.1297,0.7819
298,0.0702,0.5372,0.5372,0.6701
299,0.2525,-0.0657,-0.0657,0.4878
300,-0.0434,0.1885,0.1885,-0.3413
301,0.3691,0.149,0.149,0.7461
302,0.4212,0.0279,0.0279,-0.056
303,0.2419,-0.5063,-0.5063,0.1233
304,-0.2885,-0.1254,-0.1254,-0.19
305,0.6362,-0.0493,-0.0493,0.3853
306,0.6997,0.2459,0.2459,-0.4282
307,0.1896,-0.1235,-0.1235,0.0819
308,-0.2247,0.1667,0.1667,0.1212
309,0.865,0.173,0.173,0.5315
310,0.3188,0.2402,0.2402,0.3277
311,-0.1864,-0.0094,-0.0094,0.8329
312,-0.3442,0.0515,0.0515,-0.3218
313,0.4685,0.0112,0.0112,0.3655
314,0.057,0.231,0.231,0.777
315,0.2429,-0.2712,-0.2712,0.5911
316,-0.0687,-0.0769,-0.0769,0.1526
317,0.8689,-0.1107,-0.1107,0.7151
318,0.0845,0.2364,0.2364,-0.0005
319,0.5437,-0.0902,-0.0902,-0.4597
320,-0.4036,-0.0527,-0.0527,-0.403
321,0.3994,-0.0003,-0.0003,0.2939
322,0.5759,0.2265,0.2265,0.1174
323,0.6473,-0.3043,-0.3043,0.0461
324,0.2078,-0.0205,-0.0205,0.1106
325,0.8887,-0.0486,-0.0486,0.9297
326,0.0377,0.2985,0.2985,0.2807
327,-0.237,-0.1613,-0.1613,0.5554
328,-0.1121,-0.0518,-0.0518,-0.132
329,0.5761,-0.01,-0.01,0.6797
330,-0.3244,0.3909,0.3909,0.8303
331,0.2234,-0.0437,-0.0437,0.2825
332,-0.0096,0.0742,0.0742,-0.2346
333,0.5537,0.1125,0.1125,0.7021
334,0.28,0.132,0.132,0.2258
335,0.8556,-0.1237,-0.1237,-0.3497
336,-0.3146,-0.0178,-0.0178,0.0705
337,0.6457,-0.1925,-0.1925,0.6102
338,0.6087,0.4281,0.4281,-0.1028
339,0.4016,-0.1236,-0.1236,0.1042
340,-0.2941,0.3266,0.3266,0.0499
341,0.9545,0.172,0.172,0.3013
342,-0.0997,0.1093,0.1093,0.6055
343,0.1401,-0.3638,-0.3638,0.3657
344,-0.21,-0.0006,-0.0006,-0.2216
345,0.5336,-0.0058,-0.0058,0.5348
346,0.3018,0.2868,0.2868,0.7666
347,0.2383,-0.2398,-0.2398,0.8301
348,-0.0311,-0.0052,-0.0052,-0.0255
349,0.7268,-0.0028,-0.0028,0.7165
350,0.3256,0.105,0.105,-0.3822
351,0.08,-0.3651,-0.3651,-0.1366
352,-0.0003,-0.1443,-0.1443,-0.3845
353,0.4133,-0.1921,-0.1921,0.7019
354,0.1109,0.5047,0.5047,0.2543
355,-0.0552,-0.0338,-0.0338,0.4205
356,0.0287,0.1305,0.1305,-0.0384
357,0.6146,0.0335,0.0335,0.8756
358,0.4861,0.0686,0.0686,0.2541
359,0.6832,-0.5296,-0.5296,0.0571
360,-0.1857,0.0899,0.0899,-0.3865
361,0.374,0.1004,0.1004,0.5538
362,0.492,0.509,0.509,0.4357
363,0.7037,-0.0133,-0.0133,0.224
364,0.1063,-0.0498,-0.0498,0.0714
365,0.7891,-0.0175,-0.0175,0.8886
366,-0.2016,0.1396,0.1396,0.3793
367,-0.0964,-0.3855,-0.3855,0.2741
368,-0.3019,-0.0425,-0.0425,-0.3642
369,0.3744,-0.0312,-0.0312,0.4595
370,0.0985,0.0492,0.0492,0.7355
371,0.3516,-0.4227,-0.4227,0.4823
372,0.1729,0.0319,0.0319,-0.0889
373,0.76,0.1309,0.1309,0.8239
374,0.3067,0.4356,0.4356,-0.2228
375,0.2473,-0.1248,-0.1248,-0.1633
376,-0.2142,-0.177,-0.177,0.1107
377,0.8753,-0.1624,-0.1624,0.5212
378,0.8325,0.0219,0.0219,-0.1861
379,0.3336,-0.24,-0.24,0.3129
380,-0.3659,0.0462,0.0462,-0.1127
381,0.5569,0.1266,0.1266,0.4646
382,0.0789,0.1222,0.1222,0.1926
383,-0.422,-0.2596,-0.2596,0.6935
384,-0.2567,-0.0361,-0.0361,-0.4797
385,0.3458,-0.1115,-0.1115,0.4179
386,0.2645,0.2296,0.2296,0.4992
387,-0.0564,-0.224,-0.224,0.8201
388,0.0524,0.0535,0.0535,-0.0388
389,0.7033,0.0456,0.0456,0.8104
390,0.4507,0.0355,0.0355,-0.4371
391,0.0311,-0.3037,-0.3037,-0.0174
392,-0.1961,-0.0575,-0.0575,0.2098
393,0.8143,-0.2029,-0.2029,0.6993
394,0.6447,0.4707,0.4707,0.119
395,0.566,-0.1028,-0.1028,0.1977
396,-0.2824,0.1287,0.1287,-0.0789
397,0.6981,0.1017,0.1017,0.4406
398,0.0314,0.0191,0.0191,0.3573
399,0.1262,-0.582,-0.582,0.2625
400,-0.1207,-0.1527,-0.1527,-0.2406
401,0.4166,-0.06,-0.06,0.722
402,-0.3428,0.2342,0.2342,0.7315
403,0.1288,-0.1504,-0.1504,0.2599
404,0.1587,0.1464,0.1464,-0.145
405,0.6105,0.1519,0.1519,0.9032
406,0.3857,0.2109,0.2109,0.378
407,0.9208,-0.0099,-0.0099,-0.1571
408,-0.3432,0.1145,0.1145,-0.3931
409,0.2673,0.025,0.025,0.4963
410,0.796,0.2659,0.2659,-0.0324
411,0.5211,-0.217,-0.217,0.2426
412,0.0646,-0.0401,-0.0401,-0.0509
413,0.7167,-0.0577,-0.0577,0.797
414,-0.0471,0.2999,0.2999,0.0608
415,-0.4314,-0.0788,-0.0788,0.4451
416,-0.2828,-0.2385,-0.2385,0.0152
417,0.8547,-0.149,-0.149,0.3777
418,0.6979,0.1055,0.1055,-0.2155
419,0.3045,-0.274,-0.274,0.1779
420,-0.4112,0.0464,0.0464,0.1436
421,0.6626,0.2774,0.2774,0.5698
422,0.0779,0.2289,0.2289,0.4046
423,-0.1404,-0.2723,-0.2723,0.6228
424,-0.1338,0.0,-0.0,-0.1338
425,0.6162,0.0,0.0,0.6162
426,0.2655,0.1328,0.1328,0.9669
427,0.4834,-0.3507,-0.3507,0.749
428,0.0537,0.0,0.0,0.0537
429,0.8037,-0.0,0.0,0.8037
430,0.3106,0.2732,0.2732,-0.2032
431,0.3269,-0.2569,-0.2569,-0.2195
432,-0.3682,-0.0,0.0,-0.3682
433,0.3818,0.0,0.0,0.3818
434,0.4796,0.362,0.362,0.284
435,0.7439,-0.0978,-0.0978,0.0198
436,0.1943,0.0,0.0,0.1943
437,0.9443,-0.0,0.0,0.9443
438,-0.1027,0.2289,0.2289,0.4914
439,-0.0346,-0.297,-0.297,0.4232
440,-0.0967,-0.0416,-0.0416,-0.2647
441,0.5277,-0.084,-0.084,0.611
442,-0.0153,0.6219,0.6219,0.404
443,0.1055,-0.03,-0.03,0.2832
444,-0.1743,0.0935,0.0935,-0.187
445,0.4758,0.0063,0.0063,0.6629
446,0.2649,0.0617,0.0617,0.1237
447,0.626,-0.4943,-0.4943,-0.2373
448,-0.4313,-0.1267,-0.1267,-0.094
449,0.614,-0.1687,-0.1687,0.3606
450,0.1881,0.5337,0.5337,0.0365
451,0.3211,-0.0297,-0.0297,-0.0965
452,-0.116,0.1589,0.1589,-0.0344
453,0.8337,0.0408,0.0408,0.5159
454,0.1586,0.0835,0.0835,0.441
455,0.0017,-0.5044,-0.5044,0.5979
456,-0.3151,0.0469,0.0469,-0.2103
457,0.5342,0.0524,0.0524,0.4404
458,0.4627,0.4446,0.4446,0.5119
459,0.1831,-0.0168,-0.0168,0.7915
460,0.0735,-0.1106,-0.1106,0.1511
461,0.9729,-0.0388,-0.0388,0.7517
462,0.3447,0.1117,0.1117,-0.1201
463,0.3255,-0.4436,-0.4436,-0.1009
464,-0.3042,-0.0567,-0.0567,-0.2212
465,0.544,-0.0415,-0.0415,0.4306
466,0.7884,0.0466,0.0466,0.1862
467,0.5553,-0.4401,-0.4401,0.4193
468,-0.0015,0.0278,0.0278,0.2262
469,0.8901,0.1138,0.1138,0.8345
470,-0.1433,0.4206,0.4206,0.3679
471,-0.108,-0.1339,-0.1339,0.3326
472,0.0357,-0.1209,-0.1209,-0.1861
473,0.5539,-0.1109,-0.1109,0.7957
474,-0.2856,0.0252,0.0252,0.8852
475,0.2928,-0.1639,-0.1639,0.3068
476,-0.0645,0.0723,0.0723,-0.4609
477,0.415,0.1982,0.1982,0.5596
478,0.2013,0.1912,0.1912,0.0233
479,0.601,-0.2275,-0.2275,-0.3764
480,-0.4502,0.0,0.0,-0.4502
481,0.2998,-0.0,-0.0,0.2998
482,0.033,0.2635,0.2635,0.5666
483,0.0363,-0.2668,-0.2668,0.5633
484,0.1123,-0.0,0.0,0.1123
485,0.8623,0.0,-0.0,0.8623
486,0.2537,0.3473,0.3473,-0.0291
487,0.4596,-0.1414,-0.1414,-0.235
488,-0.0929,-0.0921,-0.0921,-0.0575
489,0.7669,-0.0177,-0.0177,0.5827
490,0.8432,0.3679,0.3679,-0.2436
491,0.3524,-0.0776,-0.0776,0.2472
492,-0.1535,0.0516,0.0516,0.0031
493,0.7264,0.0783,0.0783,0.6232
494,0.281,0.0918,0.0918,0.3187
495,-0.343,-0.132,-0.132,0.9426
496,0.158,-0.0258,-0.0258,-0.4021
497,0.6021,-0.2801,-0.2801,0.6538
498,-0.0467,0.3605,0.3605,0.5525
499,0.0366,-0.1798,-0.1798,0.4692
500,0.009,0.2488,0.2488,-0.2531
501,0.3791,0.1311,0.1311,0.8768
502,0.5216,0.0833,0.0833,-0.0157
503,0.3918,-0.4477,-0.4477,0.1141
504,-0.3096,0.0,0.0,-0.3096
505,0.4404,-0.0,-0.0,0.4404
506,0.6765,0.2913,0.2913,0.2043
507,0.7318,-0.2361,-0.2361,0.1491
508,-0.1221,-0.0,-0.0,-0.1221
509,0.6279,0.0,-0.0,0.6279
510,-0.4816,0.1067,0.1067,0.2374
511,-0.2287,-0.3595,-0.3595,-0.0154
512,-0.1255,-0.0267,-0.0267,-0.4937
513,0.4137,-0.1841,-0.1841,0.4672
514,-0.2719,0.4519,0.4519,0.4028
515,-0.0837,-0.1113,-0.1113,0.2145
516,-0.0254,0.1624,0.1624,-0.2187
517,0.4656,0.0966,0.0966,0.7903
518,0.4361,0.0465,0.0465,0.0698
519,0.3909,-0.5438,-0.5438,0.1149
520,-0.2145,0.005,0.005,-0.4047
521,0.4355,0.0951,0.0951,0.4454
522,0.7551,0.3494,0.3494,0.1257
523,0.6483,-0.1873,-0.1873,0.2325
524,0.1051,-0.0833,-0.0833,0.0257
525,0.7321,-0.0397,-0.0397,0.8987
526,-0.201,0.0944,0.0944,0.3319
527,-0.0906,-0.4405,-0.4405,0.2215
528,-0.2489,-0.0912,-0.0912,-0.2765
529,0.3961,-0.0138,-0.0138,0.5785
530,0.2597,0.1677,0.1677,0.7149
531,0.2101,-0.3762,-0.3762,0.7645
532,0.1938,0.0492,0.0492,0.0308
533,0.8131,0.0815,0.0815,0.9115
534,0.2252,0.4565,0.4565,-0.0005
535,0.3839,-0.0671,-0.0671,-0.1593
536,-0.0838,-0.1858,-0.1858,-0.0666
537,0.8606,-0.0086,-0.0086,0.489
538,0.7165,0.38,0.38,-0.1169
539,0.4252,-0.1375,-0.1375,0.1744
540,-0.4338,0.0803,0.0803,-0.0916
541,0.5676,0.1711,0.1711,0.407
542,0.0481,0.1777,0.1777,0.1765
543,-0.4154,-0.1906,-0.1906,0.64
544,-0.4326,0.0177,0.0177,-0.4677
545,0.2821,0.0176,0.0176,0.3175
546,0.6997,0.0012,0.0012,-0.1001
547,0.3009,-0.3501,-0.3501,0.2987
548,0.0893,0.0095,0.0095,0.1353
549,0.8718,0.023,0.023,0.8528
550,-0.0419,0.369,0.369,0.2665
551,-0.2107,-0.135,-0.135,0.4353
552,-0.0368,-0.0571,-0.0571,-0.1136
553,0.6177,-0.0384,-0.0384,0.7319
554,-0.3687,0.1308,0.1308,0.9683
555,0.2866,-0.0676,-0.0676,0.313
556,0.0411,0.0235,0.0235,-0.1915
557,0.6513,0.1163,0.1163,0.6983
558,0.3654,0.0989,0.0989,0.2342
559,0.8258,-0.3491,-0.3491,-0.2262
560,-0.309,-0.1931,-0.1931,0.1586
561,0.8679,-0.2338,-0.2338,0.4817
562,0.3422,0.4448,0.4448,0.2574
563,0.6017,-0.0288,-0.0288,-0.002
564,-0.1512,0.2479,0.2479,0.0008
565,0.9227,0.076,0.076,0.4269
566,0.0708,0.1215,0.1215,0.5288
567,0.0698,-0.4335,-0.4335,0.5298
568,-0.2457,-0.0139,-0.0139,-0.2797
569,0.4734,-0.017,-0.017,0.5012
570,0.4516,0.3512,0.3512,0.523
571,0.0924,-0.0401,-0.0401,0.8822
572,-0.0815,-0.021,-0.021,-0.0689
573,0.6959,-0.0063,-0.0063,0.6538
574,0.2356,0.1674,0.1674,-0.386
575,0.113,-0.3495,-0.3495,-0.2634
576,-0.4505,-0.0417,-0.0417,-0.2859
577,0.4236,-0.0823,-0.0823,0.3401
578,0.4697,0.2687,0.2687,0.294
579,0.826,-0.1452,-0.1452,-0.0623
580,-0.0005,0.0949,0.0949,0.0141
581,0.8518,0.0073,0.0073,0.6619
582,-0.3502,0.306,0.306,0.3638
583,-0.1753,-0.2124,-0.2124,0.1889
584,0.169,-0.0912,-0.0912,-0.1553
585,0.6656,-0.1621,-0.1621,0.848
586,0.2298,0.5431,0.5431,0.5339
587,0.2027,-0.0502,-0.0502,0.561
588,-0.1581,0.1876,0.1876,-0.2032
589,0.3817,0.0226,0.0226,0.7569
590,0.3429,0.1167,0.1167,0.0457
591,0.5409,-0.4412,-0.4412,-0.1522
592,-0.2087,-0.1703,-0.1703,-0.0589
593,0.7865,-0.0749,-0.0749,0.4459
594,0.7668,0.2046,0.2046,-0.2843
595,0.3087,-0.1734,-0.1734,0.1737
596,-0.1352,0.0041,0.0041,0.2426
597,0.8078,0.1889,0.1889,0.7997
598,0.298,0.1365,0.1365,0.5594
599,0.0236,-0.3881,-0.3881,0.8339
600,-0.3725,0.0803,0.0803,-0.2701
601,0.509,0.0512,0.0512,0.3484
602,-0.0304,0.1016,0.1016,0.8878
603,0.3682,-0.2732,-0.2732,0.4892
604,-0.0372,-0.0161,-0.0161,0.1446
605,0.8198,-0.0909,-0.0909,0.7877
606,0.2158,0.2316,0.2316,-0.1084
607,0.4366,-0.2679,-0.2679,-0.3292
608,-0.1237,-0.2499,-0.2499,-0.2376
609,0.3194,-0.0569,-0.0569,0.8193
610,-0.2235,0.2628,0.2628,0.6122
611,0.0579,-0.217,-0.217,0.3308
612,0.0691,0.1771,0.1771,-0.4304
613,0.3923,0.2498,0.2498,0.7464
614,0.2458,0.3018,0.3018,0.1429
615,0.6319,-0.0745,-0.0745,-0.2432
616,-0.1718,0.0233,0.0233,-0.1896
617,0.5461,0.0089,0.0089,0.5926
618,0.9344,0.1632,0.1632,0.2042
619,0.7122,-0.3196,-0.3196,0.4265
620,-0.0113,0.0171,0.0171,0.0249
621,0.774,0.0181,0.0181,0.7397
622,-0.0042,0.3997,0.3997,0.0179
623,-0.3431,-0.0097,-0.0097,0.3568
624,-0.347,-0.0058,-0.0058,-0.3894
625,0.376,-0.0212,-0.0212,0.3876
626,0.2069,0.3066,0.3066,0.5568
627,0.037,-0.1967,-0.1967,0.7266
628,0.1809,-0.0174,-0.0174,0.2078
629,0.9617,-0.0135,-0.0135,0.927
630,0.5446,0.0443,0.0443,-0.1559
631,0.2441,-0.3938,-0.3938,0.1445
632,-0.2904,-0.0366,-0.0366,-0.0709
633,0.606,-0.1098,-0.1098,0.5327
634,0.4778,0.5674,0.5674,-0.0891
635,0.2979,-0.0517,-0.0517,0.0908
636,-0.2277,0.0542,0.0542,-0.1336
637,0.6235,0.047,0.047,0.5151
638,0.1227,0.0051,0.0051,0.2659
639,0.1465,-0.6765,-0.6765,0.2422
640,-0.3908,-0.0366,-0.0366,-0.4627
641,0.2867,-0.0359,-0.0359,0.3598
642,-0.0005,0.003,0.003,0.647
643,0.3193,-0.4263,-0.4263,0.3272
644,0.0882,-0.0192,-0.0192,0.1833
645,0.9049,-0.0475,-0.0475,0.8666
646,0.2624,0.2979,0.2979,0.0091
647,0.528,-0.1667,-0.1667,-0.2566
648,-0.1744,-0.0424,-0.0424,-0.1166
649,0.6469,-0.0289,-0.0289,0.5621
650,0.916,0.13,0.13,-0.457
651,0.239,-0.0504,-0.0504,0.22
652,-0.2789,0.0278,0.0278,-0.0121
653,0.6323,0.1334,0.1334,0.5767
654,0.1549,0.114,0.114,0.3041
655,-0.284,-0.3363,-0.3363,0.7429
656,0.0845,-0.1532,-0.1532,-0.2818
657,0.4982,-0.1832,-0.1832,0.8045
658,0.2309,0.5092,0.5092,0.3218
659,0.0385,-0.0212,-0.0212,0.5142
660,-0.0018,0.3089,0.3089,-0.1955
661,0.3425,0.0968,0.0968,0.9603
662,0.5633,0.15,0.15,-0.0105
663,0.4738,-0.3778,-0.3778,0.0789
664,-0.2323,-0.0322,-0.0322,-0.1525
665,0.5898,-0.0399,-0.0399,0.5255
666,0.5923,0.3219,0.3219,0.5229
667,0.9814,-0.0457,-0.0457,0.1338
668,0.0095,-0.0492,-0.0492,-0.0193
669,0.6959,-0.0144,-0.0144,0.7943
670,-0.289,0.1552,0.1552,0.2792
671,-0.2093,-0.3741,-0.3741,0.1995
672,-0.4059,-0.0264,-0.0264,-0.0258
673,0.5606,-0.1901,-0.1901,0.5078
674,0.4958,0.4452,0.4452,-0.1774
675,0.3123,-0.1157,-0.1157,0.0061
676,-0.121,0.1579,0.1579,0.0644
677,0.8796,0.0927,0.0927,0.5638
678,0.1695,0.0461,0.0461,0.5239
679,0.2039,-0.5486,-0.5486,0.4895
680,-0.4924,0.0107,0.0107,-0.1268
681,0.4511,0.1828,0.1828,0.4298
682,0.0695,0.417,0.417,0.8114
683,0.2971,-0.1276,-0.1276,0.5838
684,0.0635,-0.004,-0.004,0.0673
685,0.8194,-0.0019,-0.0019,0.8115
686,0.4155,0.1216,0.1216,-0.2846
687,0.19,-0.3584,-0.3584,-0.0591
688,-0.3176,-0.0506,-0.0506,-0.3016
689,0.4911,-0.008,-0.008,0.3898
690,0.7022,0.1904,0.1904,0.1786
691,0.6912,-0.3447,-0.3447,0.1897
692,-0.0508,0.0711,0.0711,0.1816
693,0.8865,0.1162,0.1162,0.7443
694,-0.0542,0.497,0.497,0.1851
695,-0.1667,-0.0559,-0.0559,0.2976
696,-0.0188,-0.2386,-0.2386,-0.0378
697,0.4831,-0.0095,-0.0095,0.9603
698,-0.0289,0.3468,0.3468,0.7223
699,0.1847,-0.1754,-0.1754,0.5086
700,-0.0921,0.0571,0.0571,-0.3395
701,0.4771,0.1237,0.1237,0.5913
702,0.2063,0.1278,0.1278,0.1121
703,0.7351,-0.2121,-0.2121,-0.4168
704,-0.2187,-0.3123,-0.3123,-0.0723
705,0.9168,-0.0732,-0.0732,0.2921
706,0.5942,0.2263,0.2263,-0.1352
707,0.3986,-0.2726,-0.2726,0.0604
708,-0.3418,0.141,0.141,0.0508
709,0.7455,0.1963,0.1963,0.4635
710,0.1904,0.2385,0.2385,0.2686
711,-0.2721,-0.0823,-0.0823,0.7311
712,-0.2583,0.0507,0.0507,-0.2202
713,0.5615,0.019,0.019,0.46
714,0.12,0.1775,0.1775,0.9015
715,0.378,-0.2921,-0.2921,0.6434
716,-0.0122,0.037,0.037,-0.0914
717,0.6612,0.0396,0.0396,0.7353
718,-0.0373,0.429,0.429,-0.0662
719,0.2689,-0.0108,-0.0108,-0.3724
720,-0.3275,0.014,0.014,-0.4322
721,0.3561,0.0524,0.0524,0.3841
722,0.5851,0.3715,0.3715,0.1551
723,0.6478,-0.1607,-0.1607,0.0925
724,0.1497,0.043,0.043,0.2156
725,0.9757,0.033,0.033,0.8896
726,-0.2429,0.0565,0.0565,0.6081
727,0.1404,-0.318,-0.318,0.2248
728,0.0275,-0.043,-0.043,-0.2248
729,0.6084,-0.1262,-0.1262,0.6943
730,0.0042,0.5534,0.5534,0.5486
731,0.1568,-0.0588,-0.0588,0.396
732,-0.0629,0.0407,0.0407,-0.1344
733,0.6107,0.0358,0.0358,0.6921
734,0.3305,0.0035,0.0035,0.2223
735,0.3212,-0.6944,-0.6944,0.2316
736,-0.1911,-0.061,-0.061,-0.4281
737,0.3794,-0.1185,-0.1185,0.5015
738,0.3667,0.2302,0.2302,0.5141
739,-0.0437,-0.155,-0.155,0.9245
740,0.0699,0.054,0.054,0.0609
741,0.7614,0.0045,0.0045,0.8694
742,0.393,0.2773,0.2773,-0.2621
743,0.2727,-0.2448,-0.2448,-0.1419
744,-0.1449,-0.0646,-0.0646,0.0883
745,0.7863,-0.1166,-0.1166,0.657
746,0.5166,0.5928,0.5928,0.1767
747,0.4748,-0.0367,-0.0367,0.2185
748,-0.2432,0.2401,0.2401,-0.1884
749,0.7743,0.0274,0.0274,0.294
750,-0.03,0.1504,0.1504,0.3483
751,-0.1572,-0.3978,-0.3978,0.4756
752,-0.1443,-0.1654,-0.1654,-0.2873
753,0.3688,-0.0715,-0.0715,0.6996
754,-0.3706,0.21,0.21,0.6889
755,0.0928,-0.1675,-0.1675,0.2256
756,0.1665,0.003,0.003,-0.2231
757,0.7187,0.1948,0.1948,0.7247
758,0.4823,0.1399,0.1399,0.211
759,0.7452,-0.3865,-0.3865,-0.0519
760,-0.3056,0.0062,0.0062,-0.3135
761,0.4343,0.004,0.004,0.4466
762,0.8142,0.0803,0.0803,0.0666
763,0.5177,-0.3595,-0.3595,0.3632
764,0.2427,-0.0324,-0.0324,-0.1118
765,0.783,-0.1772,-0.1772,0.8479
766,-0.0453,0.1603,0.1603,0.1761
767,-0.3914,-0.3155,-0.3155,0.5223
768,-0.3924,-0.1633,-0.1633,-0.2267
769,0.6037,-0.0828,-0.0828,0.2771
770,0.6228,0.0596,0.0596,0.258
771,0.6139,-0.5305,-0.5305,0.267
772,0.061,0.0003,0.0003,0.0698
773,0.8158,0.0044,0.0044,0.8151
774,-0.1815,0.288,0.288,0.3124
775,-0.2159,-0.2412,-0.2412,0.3468
776,0.0614,-0.1596,-0.1596,-0.1181
777,0.5621,-0.0898,-0.0898,0.8813
778,-0.1992,0.1529,0.1529,0.8926
779,0.2973,-0.1763,-0.1763,0.3961
780,-0.0253,0.0229,0.0229,-0.4063
781,0.5113,0.1905,0.1905,0.5571
782,0.2777,0.1509,0.1509,0.0407
783,0.5981,-0.3447,-0.3447,-0.2797
784,-0.3405,-0.0548,-0.0548,-0.0911
785,0.589,-0.1247,-0.1247,0.4794
786,0.3818,0.572,0.572,-0.0635
787,0.2861,-0.0494,-0.0494,0.0322
788,-0.0334,0.2387,0.2387,-0.0232
789,0.9604,0.0051,0.0051,0.483
790,0.1743,0.1652,0.1652,0.5191
791,-0.007,-0.3692,-0.3692,0.7003
792,-0.3528,0.0276,0.0276,-0.2663
793,0.468,0.0432,0.0432,0.4129
794,0.3483,0.4162,0.4162,0.5325
795,0.1243,-0.07,-0.07,0.7565
796,0.0417,-0.1342,-0.1342,0.0891
797,0.9496,-0.0237,-0.0237,0.6813
798,0.2611,0.1369,0.1369,-0.1302
799,0.3585,-0.4189,-0.4189,-0.2277
800,0.217,-0.0719,-0.0719,-0.4143
801,0.5795,-0.3156,-0.3156,0.7233
802,0.0494,0.3608,0.3608,0.5033
803,0.0023,-0.1724,-0.1724,0.5504
804,0.0395,0.1948,0.1948,-0.2367
805,0.4566,0.1381,0.1381,0.8462
806,0.5117,0.0401,0.0401,0.041
807,0.3622,-0.504,-0.504,0.1905
808,-0.1445,0.0183,0.0183,-0.2403
809,0.5393,0.0479,0.0479,0.5759
810,0.7316,0.3892,0.3892,0.3837
811,0.8532,-0.1321,-0.1321,0.2621
812,-0.0401,0.0372,0.0372,0.0304
813,0.7824,0.0352,0.0352,0.7079
814,-0.431,0.0118,0.0118,0.4212
815,-0.0138,-0.3236,-0.3236,0.0041
816,-0.4403,0.0495,0.0495,-0.4132
817,0.3727,0.0135,0.0135,0.2738
818,-0.047,0.2112,0.2112,0.6935
819,0.1628,-0.2812,-0.2812,0.4837
820,0.1763,0.0314,0.0314,0.0952
821,0.8543,0.0405,0.0405,0.9172
822,0.1892,0.4229,0.4229,0.0823
823,0.4569,-0.0406,-0.0406,-0.1854
824,-0.1886,-0.1292,-0.1292,-0.1024
825,0.7337,-0.0431,-0.0431,0.4753
826,0.7786,0.2743,0.2743,-0.3196
827,0.2904,-0.1219,-0.1219,0.1686
828,-0.1842,0.0336,0.0336,-0.1068
829,0.6381,0.0387,0.0387,0.5709
830,0.2259,0.0511,0.0511,0.2331
831,-0.4675,-0.0493,-0.0493,0.9265
832,-0.1811,-0.2392,-0.2392,-0.2506
833,0.295,-0.0347,-0.0347,0.7734
834,-0.2482,0.304,0.304,0.5665
835,0.0146,-0.1937,-0.1937,0.3038
836,0.0862,0.0682,0.0682,-0.1429
837,0.6535,0.1145,0.1145,0.7899
838,0.3795,0.1292,0.1292,0.3139
839,0.9444,-0.1517,-0.1517,-0.2511
840,-0.3026,0.1331,0.1331,-0.3165
841,0.3073,0.0069,0.0069,0.5735
842,0.8181,0.3402,0.3402,0.0628
843,0.6022,-0.1796,-0.1796,0.2787
844,0.1144,-0.0233,-0.0233,0.0165
845,0.7921,-0.0489,-0.0489,0.8388
846,-0.0417,0.3024,0.3024,0.1726
847,-0.3391,-0.1434,-0.1434,0.47
848,-0.3023,-0.0011,-0.0011,-0.3168
849,0.4393,-0.0072,-0.0072,0.4415
850,0.2223,0.296,0.296,0.6585
851,0.1326,-0.2268,-0.2268,0.7482
852,0.1585,0.1543,0.1543,-0.0277
853,0.6612,0.0931,0.0931,0.9697
854,0.6044,0.1332,0.1332,-0.4735
855,0.1122,-0.1891,-0.1891,0.0187
856,-0.2229,-0.009,-0.009,0.1663
857,0.7306,-0.1946,-0.1946,0.7127
858,0.7208,0.4102,0.4102,-0.0274
859,0.4906,-0.1313,-0.1313,0.2027
860,-0.2924,0.1631,0.1631,-0.1393
861,0.6973,0.0765,0.0765,0.3711
862,-0.0103,0.0612,0.0612,0.3286
863,-0.0344,-0.5359,-0.5359,0.3528
864,-0.4183,-0.0382,-0.0382,-0.3414
865,0.4083,-0.0384,-0.0384,0.3319
866,0.3711,0.3208,0.3208,0.3691
867,0.7993,-0.0013,-0.0013,-0.0591
868,0.2032,-0.0501,-0.0501,0.162
869,0.8825,-0.0206,-0.0206,0.9828
870,-0.1134,0.1237,0.1237,0.4786
871,0.0172,-0.396,-0.396,0.3481
872,-0.0537,-0.0302,-0.0302,-0.1436
873,0.6211,-0.045,-0.045,0.6816
874,0.1427,0.6828,0.6828,0.41
875,0.2232,-0.0104,-0.0104,0.3296
876,-0.0722,0.1307,0.1307,-0.125
877,0.5207,0.0264,0.0264,0.782
878,0.3874,0.0737,0.0737,0.1653
879,0.6174,-0.5138,-0.5138,-0.0647
880,-0.2994,-0.1864,-0.1864,0.0084
881,0.7909,-0.1539,-0.1539,0.4181
882,0.7355,0.0483,0.0483,-0.2765
883,0.2524,-0.2406,-0.2406,0.2065
884,-0.4522,0.0941,0.0941,0.1612
885,0.6986,0.3067,0.3067,0.5104
886,0.0791,0.2834,0.2834,0.3798
887,-0.1496,-0.2012,-0.2012,0.6086
888,-0.205,-0.042,-0.042,-0.2735
889,0.4687,-0.0343,-0.0343,0.5527
890,0.1916,0.0324,0.0324,0.8299
891,0.4674,-0.427,-0.427,0.5541
892,-0.1037,-0.0156,-0.0156,0.0002
893,0.7138,-0.0519,-0.0519,0.6827
894,0.1003,0.2825,0.2825,-0.2038
895,0.3261,-0.2035,-0.2035,-0.4297
896,-0.4787,-0.0698,-0.0698,0.1174
897,0.6392,-0.2981,-0.2981,0.4995
898,0.4283,0.3772,0.3772,-0.0397
899,0.4545,-0.1614,-0.1614,-0.0658
900,-0.3302,0.2082,0.2082,-0.0311
901,0.7776,0.1495,0.1495,0.3611
902,-0.0586,0.0415,0.0415,0.4473
903,0.1144,-0.4871,-0.4871,0.2743
904,-0.1573,-0.0087,-0.0087,-0.204
905,0.5606,-0.0233,-0.0233,0.5781
906,0.4245,0.3187,0.3187,0.7141
907,0.2052,-0.1654,-0.1654,0.9334
908,-0.0102,-0.0182,-0.0182,0.0238
909,0.775,-0.017,-0.017,0.7386
910,0.3567,0.0118,0.0118,-0.3431
911,0.0203,-0.3997,-0.3997,-0.0067
912,-0.3625,0.0212,0.0212,-0.3738
913,0.3606,0.0057,0.0057,0.4031
914,0.7254,0.1988,0.1988,0.0383
915,0.5587,-0.3055,-0.3055,0.205
916,0.1769,0.0134,0.0134,0.2118
917,0.9577,0.0174,0.0174,0.931
918,0.1421,0.3935,0.3935,0.2466
919,-0.1556,-0.0464,-0.0464,0.5443
920,-0.1575,-0.0679,-0.0679,-0.2038
921,0.5014,-0.0231,-0.0231,0.6373
922,-0.4142,0.2993,0.2993,0.8029
923,0.1627,-0.0644,-0.0644,0.226
924,-0.0937,0.0764,0.0764,-0.2676
925,0.4929,0.0869,0.0869,0.6457
926,0.2018,0.1155,0.1155,0.1869
927,0.8273,-0.0408,-0.0408,-0.4386
928,-0.2777,-0.0847,-0.0847,-0.3649
929,0.3441,-0.0436,-0.0436,0.5134
930,0.1623,0.0853,0.0853,0.6952
931,0.2853,-0.4478,-0.4478,0.5721
932,0.1457,0.0076,0.0076,-0.0383
933,0.7961,0.092,0.092,0.8113
934,0.3557,0.3566,0.3566,-0.2482
935,0.2695,-0.1827,-0.1827,-0.1621
936,-0.0379,-0.1653,-0.1653,0.1453
937,0.969,-0.0916,-0.0916,0.6384
938,0.968,0.1546,0.1546,-0.1106
939,0.4808,-0.1816,-0.1816,0.3766
940,-0.3186,0.0211,0.0211,0.051
941,0.6373,0.1848,0.1848,0.5951
942,0.1254,0.1456,0.1456,0.357
943,-0.2002,-0.351,-0.351,0.6826
944,-0.0072,-0.075,-0.075,-0.3541
945,0.4944,-0.1735,-0.1735,0.6443
946,-0.0124,0.5216,0.5216,0.4011
947,0.0187,-0.0696,-0.0696,0.37
948,0.0097,0.186,0.186,0.004
949,0.5708,0.0029,0.0029,0.9428
950,0.5154,0.1295,0.1295,0.2483
951,0.7745,-0.4049,-0.4049,-0.0108
952,-0.2907,0.0501,0.0501,-0.4457
953,0.3317,0.0775,0.0775,0.4319
954,0.48,0.4569,0.4569,0.2837
955,0.6582,-0.0594,-0.0594,0.1054
956,0.024,-0.0937,-0.0937,-0.0103
957,0.6632,-0.0171,-0.0171,0.8505
958,-0.2234,0.159,0.159,0.2371
959,-0.2604,-0.3869,-0.3869,0.274
960,-0.4324,-0.0174,-0.0174,-0.468
961,0.2824,-0.0178,-0.0178,0.3173
962,0.2966,0.3501,0.3501,0.303
963,-0.1001,-0.0037,-0.0037,0.6997
964,0.103,-0.0231,-0.0231,0.1216
965,0.8854,-0.0093,-0.0093,0.8392
966,0.4345,0.1369,0.1369,-0.2099
967,0.2687,-0.368,-0.368,-0.0441
968,-0.1732,-0.0668,-0.0668,0.0228
969,0.7416,-0.098,-0.098,0.608
970,0.4173,0.6203,0.6203,0.1823
971,0.4164,-0.0221,-0.0221,0.1832
972,-0.0892,0.0674,0.0674,-0.0611
973,0.7422,0.0141,0.0141,0.6074
974,0.2422,0.0377,0.0377,0.3574
975,-0.0734,-0.5698,-0.5698,0.673
976,0.0911,-0.1989,-0.1989,-0.2415
977,0.4759,-0.1663,-0.1663,0.8737
978,-0.189,0.0436,0.0436,0.7886
979,0.2768,-0.2583,-0.2583,0.3228
980,0.2141,0.0907,0.0907,-0.3645
981,0.5841,0.2893,0.2893,0.7655
982,0.4403,0.2687,0.2687,0.1593
983,0.6957,-0.207,-0.207,-0.0961
984,-0.2489,0.0171,0.0171,-0.2765
985,0.4702,0.0138,0.0138,0.5044
986,0.882,0.0425,0.0425,0.0926
987,0.5251,-0.351,-0.351,0.4495
988,-0.0963,0.0062,0.0062,-0.0541
989,0.681,0.0211,0.0211,0.6686
990,-0.2655,0.3484,0.3484,0.1152
991,-0.385,-0.1693,-0.1693,0.2346
992,-0.2887,-0.1872,-0.1872,-0.2367
993,0.6745,-0.026,-0.026,0.3001
994,0.5598,0.3383,0.3383,-0.3352
995,0.2263,-0.1507,-0.1507,-0.0017
996,-0.2356,0.0942,0.0942,0.0852
997,0.769,0.1604,0.1604,0.5806
998,0.2529,0.18,0.18,0.3467
999,-0.246,-0.1421,-0.1421,0.8456
1000,-0.2681,0.0921,0.0921,-0.2573
1001,0.5794,0.0054,0.0054,0.3952
1002,0.1382,0.3106,0.3106,0.8364
1003,0.2994,-0.2112,-0.2112,0.6752
1004,0.0266,-0.0415,-0.0415,0.198
1005,0.9038,-0.0857,-0.0857,0.8208
1006,0.2041,0.2643,0.2643,0.0205
1007,0.5565,-0.1543,-0.1543,-0.3319
1008,-0.4036,-0.0148,-0.0148,-0.2155
1009,0.4553,-0.0941,-0.0941,0.4256
1010,0.605,0.2262,0.2262,0.2758
1011,0.8207,-0.2766,-0.2766,0.0602
1012,0.0173,0.0787,0.0787,0.1136
1013,0.8941,0.0482,0.0482,0.7367
1014,-0.3889,0.1094,0.1094,0.5197
1015,-0.0007,-0.2749,-0.2749,0.1316
1016,0.0667,-0.0075,-0.0075,-0.3109
1017,0.6204,-0.1888,-0.1888,0.6355
1018,-0.1276,0.4122,0.4122,0.6335
1019,0.1141,-0.1282,-0.1282,0.3918
1020,-0.2316,0.1689,0.1689,-0.3876
1021,0.2715,0.078,0.078,0.6093
1022,0.24,0.0643,0.0643,-0.1091
1023,0.2603,-0.5292,-0.5292,-0.1294
